from,to
"Audio,Headphone",Headphone
"Audio,Headphone,Beats. by dr.dre.",Beats by Dre
"Audio,Headphone,Beyerdynamic",Headphone
"Audio,Headphone,Bose",Headphone
"Audio,Headphone,Denon",Headphone
"Audio,Headphone,ETYMOTIC",Headphone
"Audio,Headphone,Marley",Headphone
"Audio,Headphone,Philips",Headphone
"Audio,Headphone,Sennheiser",Headphone
"Audio,Headphone,Shure",Headphone
"Audio,Headphone,Sony",Headphone
"Audio,Headphone,Westone",Headphone
"Audio,Speaker",Speaker
"Batteries & Battery Chargers,For Canon",Batteries and Chargers
"Batteries & Battery Chargers,For Nikon",Batteries and Chargers
"Batteries & Battery Chargers,For Olympus",Batteries and Chargers
"Batteries & Battery Chargers,For Panasonic",Batteries and Chargers
"Batteries & Battery Chargers,For Sony",Batteries and Chargers
"Batteries & Battery Chargers,Maximal Power Batteries and Chargers",Batteries and Chargers
"Batteries & Battery Chargers,Mobile USB Power",Batteries and Chargers
"Battery Grips,For Canon",Battery Grips
"Battery Grips,For Nikon",Battery Grips
"Battery Grips,For Pentax",Battery Grips
"Battery Grips,For Sony",Battery Grips
Camera Bags & Cases,Camera Bags and Cases
"Camera Bags & Cases,DiCAPac",Camera Bags and Cases
"Camera Bags & Cases,Generic",Camera Bags and Cases
"Camera Bags & Cases,Lowepro",Camera Bags and Cases
"Camera Bags & Cases,Olympus",Camera Bags and Cases
"Camera Bags & Cases,SeaShell",Camera Bags and Cases
Cameras Accessories,Camera Accessories
"Cameras Accessories,Camera Hand Straps",Camera Accessories
"Cameras Accessories,Camera Protector",Camera Accessories
"Cameras Accessories,Canon Remote Cords and Controls",Camera Accessories
"Cameras Accessories,Cleaning accessories",Camera Accessories
"Cameras Accessories,Datacolor",Camera Accessories
"Cameras Accessories,GoPro Accessories",Camera Accessories
"Cameras Accessories,GPS/WiFi Units",Camera Accessories
"Cameras Accessories,Instant Photo Paper",Camera Accessories
"Cameras Accessories,Nikon Remote Cords and Controls",Camera Accessories
"Cameras Accessories,Remote Cords and Controls",Camera Accessories
Canon,DSLR
"Canon""",DSLR
"Compact Digital Camera Dropship,Canon",Digital Cameras
"Compact Digital Camera Dropship,FujiFilm",Digital Cameras
"Compact Digital Camera Dropship,GoPro",Digital Cameras
"Compact Digital Camera Dropship,Olympus",Digital Cameras
"Compact Digital Camera Dropship,Panasonic",Digital Cameras
"Compact Digital Camera Dropship,Samsung",Digital Cameras
"Compact Digital Camera Dropship,Sony",Digital Cameras
"Computer,External Storage",External Storage
Digital SLR Dropship,DSLR
"Digital SLR Dropship,Canon",DSLR
"Digital SLR Dropship,Nikon",DSLR
"Digital SLR Dropship,Panasonic",DSLR
"Digital SLR Dropship,Pentax",DSLR
"Digital SLR Dropship,Samsung",DSLR
"Digital SLR Dropship,Sony",DSLR
Digital Video Cameras & Camcorders,Digital Camcorders
"Digital Video Cameras & Camcorders,Panasonic",Digital Camcorders
"Digital Video Cameras & Camcorders,SANYO",Digital Camcorders
"Digital Video Cameras & Camcorders,Sony",Digital Camcorders
"Extended Warranty,Mack Camera and Video Service Warranty",Camera and Video Warranty
Eye-Fi SD Memory Card,Memory Card
"Flash Accessories,Extension Cord / Shose,Canon Flash Cords",Canon Flash Cords
"Flash Accessories,Extension Cord / Shose,Nikon Flash Cords",Flash Accessories
"Flash Accessories,Flash wireless Remote",Flash wireless Remote
"Flash Accessories,Generic Flash Diffusers",Generic Flash Diffusers
"Flashes,Canon",Flashes
"Flashes,Metz",Flashes
"Flashes,Nikon",Flashes
"Flashes,Nissin",Flashes
"Flashes,Olympus",Flashes
"Flashes,Panasonic",Flashes
"Flashes,Sigma",Flashes
"Flashes,Sony",Flashes
FujiFilm,Digital Cameras
Gadget,
Gaming,
"Gaming,Game Consloes,Sony PlayStation 3",Sony Playstation 3
HTC,Android
Laptops,Laptops
"Laptops,Apple",MacBook
"Lens Adapter,For Canon",Lens Adapter
"Lens Adapter,For Olympus",Lens Adapter
"Lens Filters,CPL Filters",CPL Filters
"Lens Filters,Marumi Filters",Marumi Filters
"Lens Filters,UV Filters",UV FIlters
"Lenses Accessories,Canon Lens Hoods",Canon Lens Hoods
"Lenses Accessories,Generic Lens Caps",Generic Lens Cap
"Lenses Accessories,Lens Hoods",Lens Hoods
"Lenses Accessories,Marumi Lens Hoods",Lens Hoods
"Lenses,Canon",Lenses
"Lenses,Fujifilm",Lenses
"Lenses,Kenko",Lenses
"Lenses,Nikon",Lenses
"Lenses,Olympus",Lenses
"Lenses,Panasonic",Lenses
"Lenses,Pentax",Lenses
"Lenses,Samyang",Lenses
"Lenses,Sigma",Lenses
"Lenses,Sony",Lenses
"Lenses,Tamron",Lenses
"Lenses,Tokina",Lenses
"Lenses,ZEISS",Lenses
Light Meters,Camera Accessories
Marumi,Marumi Filters
Maximal Power,Batteries and Chargers
"Memory Card,Card Readers",Card Readers
"Memory Card,Compact Flash",Compact Flash
"Memory Card,Lexar",Memory Card
"Memory Card,Memory Stick",Memory Card
"Memory Card,Micro SD",MicroSD
"Memory Card,SD / SDHC",SD / SDHC
"Memory Card,USB Flash drive",USB Flash Drive
"Memory Card,Wifi Storage",Storage
Mobile Accessories,Mobile Phone Accessories
"Mobile Accessories,Android Case",Android Case
"Mobile Accessories,Bluetooth Headset",Bluetooth Headset
"Mobile Accessories,Other",Mobile Phone Accessories
"Mobile Accessories,Screen Protector",Screen Protector
Mobile Phones,Android
"Mobile Phones,Apple",iPhone 5
"Mobile Phones,BlackBerry",
"Mobile Phones,HTC",Android
"Mobile Phones,Huawei",Android
"Mobile Phones,LG",Android
"Mobile Phones,Nokia",Android
"Mobile Phones,Samsung",Android
"Mobile Phones,Sony",Android
"Mobile Phones,Sony Ericsson",Android
Nikon,Digital Cameras
Olympus,Digital Cameras
Panasonic,Digital Cameras
Pentax,Digital Cameras
Portable Media Player,Portable Media Player
"Professional Voice Recorder,Sony",Voice Recorder
"Prosumer & Mirrorless Cameras,Canon",Prosumers & Mirrorless Camera
"Prosumer & Mirrorless Cameras,Fujifilm",Prosumers & Mirrorless Camera
"Prosumer & Mirrorless Cameras,Nikon",Prosumers & Mirrorless Camera
"Prosumer & Mirrorless Cameras,Olympus",Prosumers & Mirrorless Camera
"Prosumer & Mirrorless Cameras,Panasonic",Prosumers & Mirrorless Camera
"Prosumer & Mirrorless Cameras,Pentax",Prosumers & Mirrorless Camera
"Prosumer & Mirrorless Cameras,Samsung",Prosumers & Mirrorless Camera
"Prosumer & Mirrorless Cameras,Sony",Prosumers & Mirrorless Camera
Samsung,Android
SanDisk Memory Cards,SanDisk Memory Cards
Sigma,Lenses
Sony,Digital Cameras
Tablets,Android
"Tablets,Acer",Android
"Tablets,Apple",New iPad
"Tablets,ASUS",Android
"Tablets,Kindle (Amazon)",Kindle
"Tablets,Lenovo",Android
"Tablets,Samsung",Android
"Tripods / Supports,Monopods",Minipods
"Tripods / Supports,Tripods",Tripods