Variance,Type
58mm DHG Vari ND2-400 Filter,Size
67mm DHG Vari ND2-400 Filter,Size
72mm DHG Vari ND2-400 Filter,Size
77mm DHG Vari ND2-400 Filter,Size
Arctic Blue,Color
Black,Color
Black & Red,Color
Black & White,Color
Black + Grey,Color
Blue,Color
Blue(Limited),Color
Bronze,Color
Brown,Color
Camouflage,Color
Canon,Brand
Canon Mount,Brand
Ceramic White,Color
Chrome,Color
Classic White,Color
Clear,Color
Cobalt,Color
Dark Brown,Color
Gold,Color
Graphite,Color
Green,Color
Grey,Color
Grey + Polar Blue,Color
Grey Silver,Color
Gunmetal,Color
Jet Black,Color
Light Blue,Color
M4/3 Mount (Art Series) - Black,Color
M4/3 Mount (Art Series) - Silver,Color
Mica,Brand
Nikon,Brand
Nikon Mount,Brand
Orange,Color
Pentax,Brand
Pink,Color
Purple,Color
Red,Color
Red Limited,Color
Rigel Blue,Color
Ruby,Color
Sea Blue,Color
Silver,Color
Silver Limited,Color
Sky Blue,Color
Sony,Brand
Sony Mount,Brand
Sony NEX E Mount (Art Series) - Black,Color
Sony NEX E Mount (Art Series) - Silver,Color
Titanium Grey,Color
Titanium Silver,Color
To Suit Canon,Brand
To Suit Nikon,Brand
White,Color
Yellow,Color